{"cameraMode":{"drawMode":0,"name":"Shaded","section":"Shading Mode"},"sceneLighting":true,"audioPlay":false,"sceneViewState":{"showFog":true,"showMaterialUpdate":false,"showSkybox":true,"showFlares":true,"showImageEffects":true,"showParticleSystems":true,"showVisualEffectGraphs":true,"m_FxEnabled":false},"in2DMode":false,"pivot":{"x":178.5961456298828,"y":259.82440185546877,"z":-343.1885986328125},"rotation":{"x":0.023912683129310609,"y":0.0844692811369896,"z":0.0020138388499617578,"w":-0.9961493015289307},"size":139.86135864257813,"orthographic":false}