{"cameraMode":{"drawMode":0,"name":"Shaded","section":"Shading Mode"},"sceneLighting":true,"audioPlay":false,"sceneViewState":{"showFog":true,"showMaterialUpdate":false,"showSkybox":true,"showFlares":true,"showImageEffects":true,"showParticleSystems":true,"showVisualEffectGraphs":true,"m_FxEnabled":true},"in2DMode":false,"pivot":{"x":2.1747894287109377,"y":5.230258941650391,"z":-0.6187992095947266},"rotation":{"x":-0.054180875420570376,"y":-0.43075740337371828,"z":0.025684693828225137,"w":-0.9005557298660278},"size":12.12435531616211,"orthographic":false}